id;demand_id;demand_status;invoice_status
1;cultivate Parks;database;brand
2;interface capacity;Chief;cyan CSS COM
3;Concrete;reboot Checking;Borders Pizza Central
4;Egypt Chips;deliver Auto South;Intelligent Music
5;explicit Borders bus;deposit;Books Marketing Borders
6;Pizza;Developer parse task-force;Computer haptic Configuration
7;Plastic;mobile SAS;drive
8;Fantastic Soap Games;Multi-layered;Investor Monitored
9;International SDD;Plastic Electronics;Brazil Pizza
10;Rustic;hack programming;Avon
